id,first_name,last_name,email,phone_number,password,registered_on,is_verified,is_subscribed,role
45af4964-5ad3-49e1-bb05-1102e4793593,Mark,Smith,marksmith@yahoo.com,001-709-371-2897,!5GsaNElSm,2025-07-18,False,False,Operator
60bc81d0-5074-4169-b822-ef5475457eaa,Kristina,Middleton,kristinamiddleton@yahoo.com,(247)830-8312,(xCtjv0v44,2025-02-22,False,False,Client
fcb17047-75d9-4fbd-b1cb-e136b8e0171e,Anne,Anderson,anneanderson@yahoo.com,491-414-8801x21712,IE^2NtPx(&,2025-08-15,False,False,Admin
d654b755-800b-4fd7-9553-7195ac394f00,Daniel,Adams,danieladams@gmail.com,+1-453-439-3539x989,S_0UXefs#A,2025-04-30,False,False,Admin
befd4caa-7504-4c00-82c2-0ac6ed93b7c7,Tony,Long,tonylong@gmail.com,628-987-8092x2734,!v#6*RC2j0,2025-02-11,False,False,Client
78dde129-a1df-4b08-aece-5b31b74239b3,Timothy,Smith,timothysmith@yahoo.com,(232)487-9635x243,#Q670JHsE^,2025-02-10,True,True,Operator
15930f0b-5e62-4b37-8b5a-548611d3f13b,Robert,Burnett,robertburnett@yahoo.com,312-588-1932,5#U2tI+uPu,2025-05-25,True,False,Operator
17192030-d85b-48d1-a99d-5f37f53391b7,Cynthia,Freeman,cynthiafreeman@yahoo.com,434.248.3576x51955,&vQ^DVc401,2025-09-05,True,False,Client
2d2ebee4-ef35-435c-a78d-513eaa2c0f93,Deborah,Dennis,deborahdennis@gmail.com,224-249-1554x2446,$0ULGQl8)s,2025-05-27,False,False,Operator
75a50e79-4623-470c-819b-d15b318fe15f,Brittany,Estrada,brittanyestrada@yahoo.com,001-447-467-4266,(lVtS5wn7y,2024-09-22,False,False,Operator
6ab25d67-2440-4cb2-a643-353abfef39b2,Karen,Taylor,karentaylor@gmail.com,216-523-9899x9980,!pPV#hLmw3,2025-04-13,True,False,Operator
f12768a4-4d63-436c-a603-8b814b9b362f,Michael,Jones,michaeljones@yahoo.com,+1-902-827-7065,+2l61UUbK@,2024-10-11,True,True,Admin
065aab41-12fa-476a-80c5-b2faeab47ac3,Christopher,Schroeder,christopherschroeder@gmail.com,7744774603,)0)VojwzMM,2025-09-21,False,False,Admin
c91a020f-efd8-4c3f-b5ba-16e3c8d0f8ef,Rachael,Mullins,rachaelmullins@gmail.com,(446)992-3527x627,pPxy5fCd+M,2025-03-13,False,False,Client
96e9058b-6993-4cff-a890-0079fcefa1e6,Thomas,Lang,thomaslang@yahoo.com,(407)847-1304,y9Bgdr5P$N,2024-09-29,False,False,Client
c69ede13-08de-4588-979c-8daa503ce291,Rachel,Hernandez,rachelhernandez@yahoo.com,(220)418-6883x890,CU9H+yWn*%,2025-06-03,True,False,Admin
84d618bb-6845-447c-b5fb-16a894d9e861,Ann,Graham,anngraham@yahoo.com,001-990-990-4758,eqQ08ic$$7,2025-08-25,False,False,Operator
d214a6c6-e0b7-4cd9-be6c-d2a5d58569d8,Sarah,Porter,sarahporter@yahoo.com,422.604.0410,(p5VDWsslf,2024-10-23,True,True,Operator
da0b2600-cd02-4f56-b6fe-b4519306a3e3,David,Hood,davidhood@yahoo.com,287.340.7987,v9JMbFAd&X,2025-07-18,True,True,Admin
32457c84-127f-4ff1-a78e-02c372ac6b2c,Karen,Lynch,karenlynch@gmail.com,+1-709-330-1787,+wGNg_5al1,2025-10-02,False,False,Client
a9943f2f-4a6c-4a05-989e-cc02167ac465,Ronald,Martin,ronaldmartin@gmail.com,+1-525-249-5288x638,!9)%Lof_gV,2024-11-20,True,False,Operator
40096067-11da-46ea-aab1-8fe410cb7269,Natalie,Lewis,natalielewis@gmail.com,001-911-846-0016x5333,(7S(Rm1S$l,2024-08-10,True,False,Admin
f2141e96-5d7c-4485-b93f-222f8c39f2eb,Debra,Schultz,debraschultz@yahoo.com,989.784.3569x1980,4J5MaGrk(7,2025-06-30,False,False,Operator
2abd0b7f-d9ad-4d1f-971f-4dd05dcd5025,Sean,Harrison,seanharrison@gmail.com,+1-544-801-4454,zO74BJv)T),2025-03-02,True,False,Admin
f4205425-0543-4bba-a208-d027af1bb34a,Amy,Higgins,amyhiggins@gmail.com,324.968.9227,6lZOeIXv%l,2024-11-20,True,True,Operator
00cfd90e-692c-49b3-99ba-bf2ab533db4c,Jeremiah,Jenkins,jeremiahjenkins@yahoo.com,(491)828-4085,i54LwAm!+i,2025-01-12,False,False,Admin
ac15cd78-4abd-4669-abdf-8b32e7938674,Catherine,Martinez,catherinemartinez@yahoo.com,456.915.5512x8089,3VGBUyk+^o,2024-12-11,True,True,Admin
81986cd0-a4cd-4a5e-8630-d5a8bc1ffa29,Dawn,Matthews,dawnmatthews@gmail.com,521-862-6868x4849,#w33yTdzqh,2024-07-15,True,True,Admin
d649e229-face-4ee3-9a3f-d598b070be35,Christy,Nichols,christynichols@yahoo.com,755-423-6987,W3pLezOE!5,2024-11-27,True,False,Operator
a6abfdea-1eca-44d8-b023-171b2c6df167,Ryan,Trujillo,ryantrujillo@yahoo.com,+1-630-758-8002x03151,+3sH@o(Ga0,2025-08-10,False,False,Operator
31c1eb19-c16d-4013-93c9-5bc978f90d13,Benjamin,Fischer,benjaminfischer@yahoo.com,(857)645-2309,$yL)Rx!Y6Z,2024-10-06,True,False,Admin
9ffb123c-613b-42ea-977b-dd27d7cfec83,Joshua,Ross,joshuaross@yahoo.com,(555)805-2220x9071,HO4vcM7pp@,2025-10-04,False,False,Client
f9e9b1bf-dded-476d-8495-21f3b656de89,Joshua,Martin,joshuamartin@gmail.com,565.676.2924,(UAF$ggl93,2025-09-25,False,False,Admin
737ba346-2a26-4395-8371-8ca3e86aa965,Christopher,Hughes,christopherhughes@gmail.com,784-547-2371x919,CT_3YdRVkC,2024-10-08,False,False,Admin
22ceb4ae-0f1a-42a4-ac10-7eae717ee378,Luke,Martin,lukemartin@gmail.com,951.216.7940x7031,#18lN1W_es,2025-03-07,False,False,Admin
b47569ae-2082-45db-8c45-1f6c87e24791,Deanna,Gonzalez,deannagonzalez@yahoo.com,384.289.9042,!4VAikcteD,2025-09-03,True,True,Operator
1b373d19-2b28-435f-87de-f580a75abd6c,Alexander,Sutton,alexandersutton@yahoo.com,934-595-1750,$8OzKW@Ucx,2024-08-21,True,True,Client
74134781-1413-4cf4-8f5e-2507778363e2,Dennis,James,dennisjames@gmail.com,(614)431-2860x1819,t@5^s8CyyU,2024-12-07,True,False,Admin
62c04eba-5bb7-438c-a079-0050e5d1cbbd,Dylan,Patterson,dylanpatterson@gmail.com,856-508-1866,&AOs07ot7d,2024-07-10,False,False,Operator
997093d9-8638-4331-a7e3-6bc41625fda0,Jason,Allen,jasonallen@yahoo.com,406-209-1752,B%0JeDq@cx,2025-10-01,False,False,Admin
b356998a-ed4b-4b79-9c12-5500ec03de9a,Angela,Reeves,angelareeves@gmail.com,614-916-8985x766,!l1DYTRN0!,2025-02-19,False,False,Operator
ddc8c1f6-30aa-4841-ab0f-84a4f714aad4,David,Fletcher,davidfletcher@yahoo.com,327-902-8511,+g0ygMxg!6,2025-07-19,False,False,Operator
326bec0b-143a-45e0-803d-e5e2e1760a2e,Eric,Castro,ericcastro@yahoo.com,(428)985-6024x437,nMD5Zx69m@,2025-05-31,False,False,Admin
77b4ad69-2b20-4754-8ee6-0ee1f2e3b52a,Kelly,Acosta,kellyacosta@gmail.com,(718)938-4119x43883,1J0F((rl$Z,2025-03-12,True,True,Admin
14dfefa3-1e40-4f3f-9f15-1b8a1f2b6085,William,Brown,williambrown@gmail.com,(217)667-8017x5505,)1HhcL^^rn,2024-08-14,True,False,Operator
6506d6b8-41f8-4510-97ca-bf4d23fa7e5e,Allen,Doyle,allendoyle@gmail.com,(844)391-8625,&17kIHOm^Y,2025-08-05,True,False,Admin
d908d8bb-06e7-47ce-9864-8318c6f84905,Colleen,Moore,colleenmoore@yahoo.com,269-563-6832x65292,_5CJFEt1rd,2024-07-18,True,False,Operator
fbe098c3-6c95-41be-9c7d-0ff75eb67069,Scott,Marsh,scottmarsh@gmail.com,001-560-997-6083x060,Lz4SP!Z*W@,2025-03-07,True,True,Admin
303352bb-30ff-474a-8efe-72c5bff5b0da,Brian,Gates,briangates@yahoo.com,(815)355-0938x0368,@WS4kP6xCP,2025-09-13,True,False,Operator
202b3fdf-ffee-4412-8371-c9b88d837e40,Penny,Taylor,pennytaylor@yahoo.com,712-583-9082x5144,m7Qvl(iL)9,2025-02-22,False,False,Operator
bd1b333b-9ff7-4022-9111-f8436d140669,Carrie,Cox,carriecox@yahoo.com,(290)849-5313,!^THXd7vW8,2025-06-27,True,True,Operator
6e4c0bb7-105a-45de-899c-a5c08d9a62a5,Alexis,Mueller,alexismueller@gmail.com,566-293-6462x21996,x%92AJsRy@,2025-06-17,False,False,Client
84ad72c5-b8e3-40c0-81d8-232faeaca4cb,William,Mason,williammason@yahoo.com,469-764-2609,Wf@IUg6e&7,2025-08-20,True,True,Admin
e44c7152-90d2-40e6-9268-36875e2e3123,Erica,Henderson,ericahenderson@gmail.com,509-374-9394,*4Y4@MrhT#,2024-07-13,False,False,Operator
34b600a5-33b7-4d75-91b7-6f67ce901a02,Jeffrey,Barrett,jeffreybarrett@yahoo.com,352.674.4535x374,#t(L$%5y_0,2024-08-12,False,False,Admin
d518235c-aa76-4cf9-8822-cbb013131d8b,Michael,Smith,michaelsmith@yahoo.com,525-812-4117x3377,JOPiDXQh$3,2025-01-27,False,False,Admin
7474d538-553e-4786-98d9-7b4718522d8c,Daniel,Delgado,danieldelgado@yahoo.com,687.609.7073x15458,$7GvfYjmN_,2024-11-24,True,False,Operator
fc999135-9012-489a-a37a-09be4ee01b57,Sharon,Martin,sharonmartin@gmail.com,718.200.7733x51192,2!6A1o#n1O,2025-02-25,True,False,Admin
641b19cb-7ecb-49cc-aaca-a7ed3a25a263,Crystal,Bryant,crystalbryant@gmail.com,2709689311,L@74BLQnWQ,2024-11-17,False,False,Client
b597c0a6-6060-4ed0-ac75-55eb34f49a7d,Heather,Tate,heathertate@gmail.com,(308)864-8380,ctHbE4If+9,2024-07-18,True,False,Admin
d4c088bf-dc61-44e0-9f37-cba4683e18f5,Gregory,Obrien,gregoryobrien@gmail.com,794-989-8818x525,U%q8Trm#gd,2024-12-13,True,True,Operator
65aedfda-bc57-4b2b-83b8-3a7381e4048d,Vanessa,Guzman,vanessaguzman@gmail.com,(727)234-4775x12446,%3EH*rRmqm,2024-08-02,False,False,Operator
e19d9155-420f-4b00-9015-b6c0e3bb081d,Karen,James,karenjames@gmail.com,(351)508-2844,$7+CT^Otxo,2025-08-15,False,False,Client
b55b431d-30c7-4a7e-b3f0-fc422fa000c9,Benjamin,Robinson,benjaminrobinson@gmail.com,436.366.1841x729,8l4Ja*bjO),2025-05-10,False,False,Client
14787d9f-a813-4b92-b79d-c2db0bc1475b,Nicholas,Goodman,nicholasgoodman@gmail.com,859.889.9511x10117,11dLjLto&Z,2024-09-26,True,True,Client
2ce35e72-7f1c-43c1-8893-1a224266eeed,Rebecca,Berry,rebeccaberry@gmail.com,731-411-6405x30172,1ASLXk6p*x,2025-09-19,False,False,Operator
c34b8584-c183-4be8-be76-4d005359522f,Ashley,Ellis,ashleyellis@gmail.com,851-554-5234,9)3O6_7&5i,2024-11-03,False,False,Client
7d0409fc-237e-416a-8541-8223955d0e24,Jennifer,Morgan,jennifermorgan@gmail.com,921-456-2704x85953,@k270Bu72g,2024-08-22,True,True,Operator
65a9d8ec-55cd-4696-a7b9-f94230fedee9,Benjamin,Robinson,benjaminrobinson@yahoo.com,(568)675-2988x97561,&pC7SkZ8#T,2024-10-27,True,True,Admin
736ed892-4d7f-425c-b5cb-3781667c2ceb,Kelsey,Boyd,kelseyboyd@yahoo.com,(295)608-6540x9232,$19#JIeGwj,2025-03-14,False,False,Client
7f98c67f-cd2a-4e52-a636-25416a907a19,Robert,Eaton,roberteaton@yahoo.com,589-253-2387,)#2_BrASB2,2025-08-19,True,False,Client
cce83d11-54ea-413b-b12a-ee7a0deb991a,Paul,Gonzalez,paulgonzalez@yahoo.com,924.445.5830x23793,7I4m4QReZ!,2025-02-06,True,True,Admin
a9f1f86a-a773-46eb-ac29-15c950a028e8,Justin,Kerr,justinkerr@yahoo.com,547-570-4331,!&xv$LfWo9,2025-05-28,True,False,Admin
8d5d6eec-f635-4071-b7be-fe66ab3bec69,Gregory,White,gregorywhite@yahoo.com,576.416.3940,@18XuA^sHb,2025-01-19,True,True,Client
da43aac3-1851-4577-b7db-41c392857f79,Ellen,Sanchez,ellensanchez@gmail.com,8148208039,G4$0SMken_,2024-07-23,True,True,Client
c4daa7a1-c54b-4a59-83e2-79b1f5703561,Hannah,Payne,hannahpayne@gmail.com,(625)242-1849x780,L*1EUy_dGj,2025-08-21,False,False,Operator
ae1bbccd-9b0f-4e9f-840d-5f9c784ee43e,Sherri,Fisher,sherrifisher@yahoo.com,+1-485-700-0771,6!3W(ay^Fh,2024-09-13,True,False,Operator
a8da4982-7165-47b4-b232-32f7898bea4f,Denise,Guerra,deniseguerra@gmail.com,222-237-8926,_s1NXF#ku6,2024-11-06,False,False,Client
51bfb7de-9e12-4a01-9c07-6fa6186dcee4,Jeremy,Thompson,jeremythompson@gmail.com,202-927-9554x76452,^%B6re%tN4,2024-10-24,False,False,Operator
aa9432e9-9207-49a0-98b5-9a8480b02309,Connor,Lee,connorlee@gmail.com,504-496-0010x307,L2PsB)K%+Y,2024-08-31,False,False,Admin
5bd6f22f-0b4d-4453-afa5-0849cef17e5a,Victor,Potter,victorpotter@gmail.com,3774113502,+9HBy4ck+3,2025-03-09,False,False,Operator
6a5d673b-831b-457b-935b-3fcdf4fa01a4,Eric,Perez,ericperez@yahoo.com,(266)750-1052,(5%Z6M7vPS,2024-07-07,True,True,Client
6dc1d8d4-807d-445e-b1b5-0837cc101f7a,Paul,Carroll,paulcarroll@yahoo.com,+1-686-742-0747x4311,xZo5A(d)o),2025-03-15,False,False,Admin
6039e65c-1440-4f16-a6e4-9325bfa31e05,Amy,Ball,amyball@gmail.com,(547)408-8180x8477,6y5FN9vj)5,2024-07-25,True,True,Admin
63e34610-aff4-475c-b1d1-8349a05ed0c6,Michelle,Lee,michellelee@gmail.com,001-983-643-1602x3444,+7F%^tbom8,2024-09-23,False,False,Operator
44f53367-fb17-4eb2-a497-e1450ddb1715,Barbara,Arnold,barbaraarnold@yahoo.com,965.836.3561x36781,&WEpDzMx4o,2025-01-14,True,False,Client
6b077690-c975-4949-834d-63585b289134,Robert,Peters,robertpeters@gmail.com,7169732645,^pST8Rhv@4,2025-06-29,True,True,Client
9a198855-50e2-408a-9686-d45a6339e535,Christian,Bishop,christianbishop@gmail.com,703-242-0173x4429,p^4c(eKb@&,2025-08-12,False,False,Client
e8d3bb9e-d53c-4a63-8e3d-24b24241ff83,Cindy,Lambert,cindylambert@gmail.com,6837332948,35@G$Qw@(j,2025-04-27,False,False,Client
4cb47bfd-706b-444c-8bd5-edd2241d38b2,Tammy,Turner,tammyturner@yahoo.com,(681)432-5906x9685,#j0SFqCwr3,2024-10-06,True,False,Admin
8a27a392-cd3c-494b-85a2-145612451403,Annette,Paul,annettepaul@yahoo.com,7697932342,%+#i0VQva7,2025-02-11,False,False,Admin
ab89d9a5-2983-4aa4-b81b-a3ea8398261b,Anna,Wolfe,annawolfe@yahoo.com,(452)670-4038,Td&7FydXrA,2024-12-29,True,False,Operator
7aa545ff-1e4b-4df1-b2b7-889feb05fff3,Brandi,Farmer,brandifarmer@yahoo.com,(917)376-5539,bvMPa8Q6v_,2024-08-31,True,True,Admin
04cfeba1-62c0-4e9a-ba39-341bf6559847,Edward,Edwards,edwardedwards@gmail.com,001-887-825-1538x8309,5gTJ#ryf)W,2024-10-17,False,False,Admin
512967f9-7e50-4a74-8212-44c2cea9993c,John,Gonzales,johngonzales@gmail.com,(726)342-3773,q%*E2sbR4K,2025-02-11,False,False,Operator
368f1c11-83c9-4d6b-8522-2330c3cac4df,James,Taylor,jamestaylor@yahoo.com,001-913-932-9770x42893,Dc58v0XMq@,2024-09-07,False,False,Admin
ed1c4295-8c2b-4bc6-a6c6-f04bfc2a2eba,John,Baker,johnbaker@yahoo.com,001-806-658-0563,qyfQlNzm@7,2024-08-17,True,True,Operator
71f24c78-9283-4038-a1b7-fafcc2047321,Lindsey,Clements,lindseyclements@yahoo.com,606-309-4670,FQf5^LTw_k,2025-02-28,True,False,Client
ae73fe14-a3cf-4cdf-9ea4-b74951a22f9d,Jennifer,Castro,jennifercastro@gmail.com,2492239242,H@9#g@ZByi,2025-02-13,False,False,Operator
8ad44243-425b-4269-86bb-84bf91a1c417,Richard,Francis,richardfrancis@yahoo.com,459.584.2378x42482,50(KUJnb+Q,2025-05-19,True,True,Client
